Project ID,Id,Sources,Notes
INDIGO-POJ-0043,INDIGO-FUND-0011,,
INDIGO-POJ-0060,INDIGO-FUND-0007,,
INDIGO-POJ-0061,INDIGO-FUND-0007,,
INDIGO-POJ-0062,INDIGO-FUND-0007,,
INDIGO-POJ-0064,INDIGO-FUND-0007,,
INDIGO-POJ-0065,INDIGO-FUND-0007,,
INDIGO-POJ-0066,INDIGO-FUND-0007,,
INDIGO-POJ-0067,INDIGO-FUND-0007,,
INDIGO-POJ-0068,INDIGO-FUND-0007,,
INDIGO-POJ-0069,INDIGO-FUND-0007,,
INDIGO-POJ-0070,INDIGO-FUND-0007,,
INDIGO-POJ-0071,INDIGO-FUND-0007,,
INDIGO-POJ-0072,INDIGO-FUND-0007,,
INDIGO-POJ-0111,INDIGO-FUND-0003,,
INDIGO-POJ-0112,INDIGO-FUND-0003,,
INDIGO-POJ-0113,INDIGO-FUND-0003,,
INDIGO-POJ-0114,INDIGO-FUND-0003,,
INDIGO-POJ-0116,INDIGO-FUND-0003,,
INDIGO-POJ-0117,INDIGO-FUND-0003,,
INDIGO-POJ-0118,INDIGO-FUND-0003,,
INDIGO-POJ-0118,INDIGO-FUND-0004,,
INDIGO-POJ-0119,INDIGO-FUND-0003,,
INDIGO-POJ-0119,INDIGO-FUND-0004,,
INDIGO-POJ-0120,INDIGO-FUND-0003,,
INDIGO-POJ-0120,INDIGO-FUND-0004,,
INDIGO-POJ-0121,INDIGO-FUND-0013,,
INDIGO-POJ-0122,INDIGO-FUND-0013,,
INDIGO-POJ-0123,INDIGO-FUND-0013,,
INDIGO-POJ-0124,INDIGO-FUND-0003,,
INDIGO-POJ-0126,INDIGO-FUND-0003,,
INDIGO-POJ-0127,INDIGO-FUND-0003,,
INDIGO-POJ-0128,INDIGO-FUND-0003,,
INDIGO-POJ-0129,INDIGO-FUND-0003,,
INDIGO-POJ-0131,INDIGO-FUND-0005,,
INDIGO-POJ-0132,INDIGO-FUND-0005,,
INDIGO-POJ-0133,INDIGO-FUND-0005,,
INDIGO-POJ-0134,INDIGO-FUND-0005,,
INDIGO-POJ-0135,INDIGO-FUND-0005,,
INDIGO-POJ-0136,INDIGO-FUND-0005,,
INDIGO-POJ-0137,INDIGO-FUND-0005,,
INDIGO-POJ-0138,INDIGO-FUND-0002,,
INDIGO-POJ-0139,INDIGO-FUND-0002,,Innovation Fund (Round 2)
INDIGO-POJ-0140,INDIGO-FUND-0002,,Innovation Fund (Round 2)
INDIGO-POJ-0141,INDIGO-FUND-0002,,
INDIGO-POJ-0142,INDIGO-FUND-0002,,
INDIGO-POJ-0143,INDIGO-FUND-0002,,
INDIGO-POJ-0144,INDIGO-FUND-0002,,
INDIGO-POJ-0145,INDIGO-FUND-0002,,Innovation Fund (Round 2)
INDIGO-POJ-0146,INDIGO-FUND-0002,,Innovation Fund (Round 2)
INDIGO-POJ-0147,INDIGO-FUND-0002,,
INDIGO-POJ-0148,INDIGO-FUND-0015,,
INDIGO-POJ-0149,INDIGO-FUND-0015,,
INDIGO-POJ-0151,INDIGO-FUND-0003,,This project only received funding from CBO.
INDIGO-POJ-0152,INDIGO-FUND-0016,,
INDIGO-POJ-0154,INDIGO-FUND-0016,,
INDIGO-POJ-0155,INDIGO-FUND-0016,,
INDIGO-POJ-0156,INDIGO-FUND-0004,,
INDIGO-POJ-0158,INDIGO-FUND-0016,,
INDIGO-POJ-0159,INDIGO-FUND-0016,,
INDIGO-POJ-0160,INDIGO-FUND-0003,,
INDIGO-POJ-0161,INDIGO-FUND-0003,,
INDIGO-POJ-0162,INDIGO-FUND-0003,,
INDIGO-POJ-0163,INDIGO-FUND-0001,,
INDIGO-POJ-0164,INDIGO-FUND-0001,,
INDIGO-POJ-0165,INDIGO-FUND-0001,,
INDIGO-POJ-0166,INDIGO-FUND-0001,,
INDIGO-POJ-0167,INDIGO-FUND-0012,,
INDIGO-POJ-0168,INDIGO-FUND-0012,,
INDIGO-POJ-0169,INDIGO-FUND-0012,,
INDIGO-POJ-0170,INDIGO-FUND-0012,,
INDIGO-POJ-0171,INDIGO-FUND-0012,,
INDIGO-POJ-0172,INDIGO-FUND-0012,,
INDIGO-POJ-0173,INDIGO-FUND-0012,,
INDIGO-POJ-0174,INDIGO-FUND-0012,,
INDIGO-POJ-0175,INDIGO-FUND-0012,,
INDIGO-POJ-0176,INDIGO-FUND-0012,,
INDIGO-POJ-0177,INDIGO-FUND-0012,,
INDIGO-POJ-0178,INDIGO-FUND-0012,,
INDIGO-POJ-0179,INDIGO-FUND-0012,,
INDIGO-POJ-0180,INDIGO-FUND-0012,,
INDIGO-POJ-0181,INDIGO-FUND-0012,,
INDIGO-POJ-0182,INDIGO-FUND-0012,,
INDIGO-POJ-0183,INDIGO-FUND-0012,,
INDIGO-POJ-0184,INDIGO-FUND-0012,,
INDIGO-POJ-0188,INDIGO-FUND-0012,,
INDIGO-POJ-0189,INDIGO-FUND-0012,,
INDIGO-POJ-0190,INDIGO-FUND-0012,,
INDIGO-POJ-0192,INDIGO-FUND-0012,,
INDIGO-POJ-0193,INDIGO-FUND-0012,,
INDIGO-POJ-0194,INDIGO-FUND-0012,,
INDIGO-POJ-0195,INDIGO-FUND-0012,,
INDIGO-POJ-0198,INDIGO-FUND-0012,,
INDIGO-POJ-0199,INDIGO-FUND-0012,,
INDIGO-POJ-0200,INDIGO-FUND-0012,,
INDIGO-POJ-0201,INDIGO-FUND-0012,,
INDIGO-POJ-0206,INDIGO-FUND-0007,,
INDIGO-POJ-0207,INDIGO-FUND-0007,,
INDIGO-POJ-0209,INDIGO-FUND-0007,,
INDIGO-POJ-0211,INDIGO-FUND-0024,,
INDIGO-POJ-0215,INDIGO-FUND-0014,,
INDIGO-POJ-0216,INDIGO-FUND-0014,,
INDIGO-POJ-0217,INDIGO-FUND-0014,,
INDIGO-POJ-0228,INDIGO-FUND-0012,,
INDIGO-POJ-0248,INDIGO-FUND-0007,,
INDIGO-POJ-0249,INDIGO-FUND-0007,,
INDIGO-POJ-0250,INDIGO-FUND-0007,,
INDIGO-POJ-0251,INDIGO-FUND-0007,,
INDIGO-POJ-0252,INDIGO-FUND-0007	,,
INDIGO-POJ-0253,INDIGO-FUND-0007,,
INDIGO-POJ-0254,INDIGO-FUND-0007,,
INDIGO-POJ-0271,INDIGO-FUND-0031,,
INDIGO-POJ-0274,INDIGO-FUND-0019,,
INDIGO-POJ-0275,INDIGO-FUND-0019,,
INDIGO-POJ-0276,INDIGO-FUND-0019,,
INDIGO-POJ-0282,INDIGO-FUND-0031,,
INDIGO-POJ-0283,INDIGO-FUND-0031,,
INDIGO-POJ-0284,INDIGO-FUND-0031,,
INDIGO-POJ-0299,INDIGO-FUND-0003,,
INDIGO-POJ-0300,INDIGO-FUND-0003,,
INDIGO-POJ-0305,INDIGO-FUND-0004,,
INDIGO-POJ-0305,INDIGO-FUND-0003,,
INDIGO-POJ-0306,INDIGO-FUND-0003,,
INDIGO-POJ-0308,INDIGO-FUND-0003,,
INDIGO-POJ-0309,INDIGO-FUND-0003,,
INDIGO-POJ-0309,INDIGO-FUND-0004,,
INDIGO-POJ-0316,INDIGO-FUND-0003,,
INDIGO-POJ-0316,INDIGO-FUND-0004,,
INDIGO-POJ-0318,INDIGO-FUND-0003,,
INDIGO-POJ-0325,INDIGO-FUND-0020,,
